-- phpMyAdmin SQL Dump
-- version 4.6.4
-- https://www.phpmyadmin.net/
--
-- Host: 127.0.0.1
-- Generation Time: Jan 13, 2017 at 12:14 PM
-- Server version: 5.7.14
-- PHP Version: 7.0.10

SET SQL_MODE = "NO_AUTO_VALUE_ON_ZERO";
SET time_zone = "+00:00";


/*!40101 SET @OLD_CHARACTER_SET_CLIENT=@@CHARACTER_SET_CLIENT */;
/*!40101 SET @OLD_CHARACTER_SET_RESULTS=@@CHARACTER_SET_RESULTS */;
/*!40101 SET @OLD_COLLATION_CONNECTION=@@COLLATION_CONNECTION */;
/*!40101 SET NAMES utf8mb4 */;

--
-- Database: `recipes`
--

--
-- Dumping data for table `courses`
--

INSERT INTO `courses` (`id`, `name`, `created_at`, `updated_at`) VALUES
(1, 'ontbijt', '2016-10-10 19:25:00', '2016-10-10 19:25:00'),
(2, 'bijgerecht', '2016-10-25 15:35:38', '2016-10-25 15:35:38'),
(3, 'hoofdgerecht', '2016-10-25 15:37:18', '2016-10-25 15:37:18'),
(4, 'lunch', '2016-10-25 18:11:14', '2016-10-25 18:11:14'),
(5, 'snack', '2016-10-25 18:21:03', '2016-10-25 18:21:03'),
(6, 'starter', '2016-10-25 18:37:37', '2016-10-25 18:37:37'),
(7, 'voorgerecht', '2016-10-25 18:44:54', '2016-10-25 18:44:54');

--
-- Dumping data for table `cuisines`
--

INSERT INTO `cuisines` (`id`, `name`, `created_at`, `updated_at`) VALUES
(1, 'spaans', '2016-10-10 19:25:00', '2016-10-10 19:25:00'),
(2, 'Nederlands', '2016-10-25 15:35:38', '2016-10-25 15:35:38'),
(3, 'hollands', '2016-10-25 15:37:18', '2016-10-25 15:37:18'),
(4, 'Mediteraans', '2016-10-25 17:54:43', '2016-10-25 17:54:43'),
(5, 'italiaans', '2016-10-25 18:01:24', '2016-10-25 18:01:24'),
(6, 'frans', '2016-10-25 18:04:11', '2016-10-25 18:04:11'),
(7, 'mediterraan', '2016-10-25 18:05:32', '2016-10-25 18:05:32'),
(8, 'indonesisch', '2016-10-25 18:21:03', '2016-10-25 18:21:03'),
(9, 'French', '2016-10-25 18:37:37', '2016-10-25 18:37:37'),
(10, '', '2016-10-25 18:40:08', '2016-10-25 18:40:08'),
(11, 'oosters', '2016-10-25 20:06:58', '2016-10-25 20:06:58');

--
-- Dumping data for table `ingredients`
--

INSERT INTO `ingredients` (`id`, `name`, `created_at`, `updated_at`) VALUES
(1, 'ei', '2016-10-10 19:25:25', '2016-10-10 19:25:25'),
(2, 'bloem', '2016-10-10 19:25:25', '2016-10-10 19:25:25'),
(3, 'kraanwater', '2016-10-10 19:25:25', '2016-10-10 19:25:25'),
(4, 'olijfolie', '2016-10-10 19:25:25', '2016-10-10 19:25:25'),
(5, 'citroenschil', '2016-10-10 19:25:25', '2016-10-10 19:25:25'),
(6, 'suiker', '2016-10-10 19:25:25', '2016-10-10 19:25:25'),
(7, 'zout', '2016-10-10 19:25:25', '2016-10-10 19:25:25'),
(8, 'olie om te frituren', '2016-10-10 19:25:25', '2016-10-10 19:25:25'),
(9, 'poedersuiker', '2016-10-10 19:25:25', '2016-10-10 19:25:25'),
(10, 'cognac of citroensap', '2016-10-25 15:35:39', '2016-10-25 15:35:39'),
(11, 'knoflook', '2016-10-25 15:35:39', '2016-10-25 15:35:39'),
(12, 'creme fraiche', '2016-10-25 15:35:39', '2016-10-25 15:35:39'),
(13, 'mayonaise', '2016-10-25 15:35:39', '2016-10-25 15:35:39'),
(14, 'gesnipperde bieslook', '2016-10-25 15:35:39', '2016-10-25 15:35:39'),
(15, 'gesnipperde peterselie', '2016-10-25 15:35:39', '2016-10-25 15:35:39'),
(16, 'zout en peper naar smaal', '2016-10-25 15:35:39', '2016-10-25 15:35:39'),
(17, 'kruimige aardappel', '2016-10-25 15:38:27', '2016-10-25 15:38:27'),
(18, 'boter', '2016-10-25 15:38:27', '2016-10-25 15:38:27'),
(19, 'gerookte spekblokjes', '2016-10-25 15:38:27', '2016-10-25 15:38:27'),
(20, 'ui', '2016-10-25 15:38:27', '2016-10-25 15:38:27'),
(21, 'gekookte bietjes', '2016-10-25 15:38:27', '2016-10-25 15:38:27'),
(22, 'appel', '2016-10-25 15:38:27', '2016-10-25 15:38:27'),
(23, 'pindakaas', '2016-10-25 17:42:38', '2016-10-25 17:42:38'),
(24, 'melk', '2016-10-25 17:42:38', '2016-10-25 17:42:38'),
(25, 'citroensap', '2016-10-25 17:42:38', '2016-10-25 17:42:38'),
(26, 'ketjap manis', '2016-10-25 17:42:38', '2016-10-25 17:42:38'),
(27, 'sambal oelek', '2016-10-25 17:42:38', '2016-10-25 17:42:38'),
(28, 'gemberpoeder', '2016-10-25 17:42:38', '2016-10-25 17:42:38'),
(29, 'djintan (komijn)', '2016-10-25 17:42:38', '2016-10-25 17:42:38'),
(30, 'halloumi', '2016-10-25 17:54:44', '2016-10-25 17:54:44'),
(31, 'brood of pitabroodjes', '2016-10-25 17:54:44', '2016-10-25 17:54:44'),
(32, 'rijpe avocado', '2016-10-25 17:54:44', '2016-10-25 17:54:44'),
(33, 'kwark of creme fraiche', '2016-10-25 17:54:44', '2016-10-25 17:54:44'),
(34, 'gekarameliseerde ui', '2016-10-25 17:54:44', '2016-10-25 17:54:44'),
(35, 'rucola', '2016-10-25 17:54:44', '2016-10-25 17:54:44'),
(36, 'kiemgroenten', '2016-10-25 17:54:44', '2016-10-25 17:54:44'),
(37, 'tomaatjes', '2016-10-25 17:54:44', '2016-10-25 17:54:44'),
(38, 'komkommer', '2016-10-25 17:54:44', '2016-10-25 17:54:44'),
(39, 'kaastortellini', '2016-10-25 18:01:24', '2016-10-25 18:01:24'),
(40, 'kleine ui', '2016-10-25 18:01:24', '2016-10-25 18:01:24'),
(41, 'roomkaas', '2016-10-25 18:01:24', '2016-10-25 18:01:24'),
(42, 'geraspte Parmezaanse kaas', '2016-10-25 18:01:24', '2016-10-25 18:01:24'),
(43, 'verse champignons (in schijfjes)', '2016-10-25 18:01:24', '2016-10-25 18:01:24'),
(44, 'diepvriesspinazie', '2016-10-25 18:01:24', '2016-10-25 18:01:24'),
(45, 'cherry tomaatjes', '2016-10-25 18:01:24', '2016-10-25 18:01:24'),
(46, 'wittewijnazijn', '2016-10-25 18:04:33', '2016-10-25 18:04:33'),
(47, 'honing', '2016-10-25 18:04:33', '2016-10-25 18:04:33'),
(48, 'dijonmosterd', '2016-10-25 18:04:33', '2016-10-25 18:04:33'),
(49, 'couscous', '2016-10-25 18:05:56', '2016-10-25 18:05:56'),
(50, 'kokend water', '2016-10-25 18:05:56', '2016-10-25 18:05:56'),
(51, 'courgette', '2016-10-25 18:05:56', '2016-10-25 18:05:56'),
(52, 'rode paprika', '2016-10-25 18:05:56', '2016-10-25 18:05:56'),
(53, 'venkelknol', '2016-10-25 18:05:56', '2016-10-25 18:05:56'),
(54, 'half-om-halfgehakt', '2016-10-25 18:05:56', '2016-10-25 18:05:56'),
(55, 'pijnboompitten', '2016-10-25 18:05:56', '2016-10-25 18:05:56'),
(56, 'basilicum', '2016-10-25 18:05:56', '2016-10-25 18:05:56'),
(57, 'pittige kaas', '2016-10-25 18:05:56', '2016-10-25 18:05:56'),
(58, 'deeg voor hartige taart', '2016-10-25 18:08:07', '2016-10-25 18:08:07'),
(59, 'prei', '2016-10-25 18:08:07', '2016-10-25 18:08:07'),
(60, 'zongedroogde tomaat', '2016-10-25 18:08:07', '2016-10-25 18:08:07'),
(61, 'zachte geitenkaas', '2016-10-25 18:08:07', '2016-10-25 18:08:07'),
(62, 'koksroom', '2016-10-25 18:08:07', '2016-10-25 18:08:07'),
(63, 'witte asperges', '2016-10-25 18:11:35', '2016-10-25 18:11:35'),
(64, 'vleesbouillontablet', '2016-10-25 18:11:35', '2016-10-25 18:11:35'),
(65, 'gekookte ham', '2016-10-25 18:11:35', '2016-10-25 18:11:35'),
(66, 'slagroom', '2016-10-25 18:11:35', '2016-10-25 18:11:35'),
(67, 'peterselie', '2016-10-25 18:11:35', '2016-10-25 18:11:35'),
(68, 'volkorenbrood', '2016-10-25 18:21:04', '2016-10-25 18:21:04'),
(69, 'tahoe', '2016-10-25 18:21:04', '2016-10-25 18:21:04'),
(70, 'eieren', '2016-10-25 18:21:04', '2016-10-25 18:21:04'),
(71, 'sojasaus', '2016-10-25 18:21:04', '2016-10-25 18:21:04'),
(72, 'gemalen Parmezaanse kaas', '2016-10-25 18:21:04', '2016-10-25 18:21:04'),
(73, 'peper', '2016-10-25 18:21:04', '2016-10-25 18:21:04'),
(74, 'oregano', '2016-10-25 18:21:04', '2016-10-25 18:21:04'),
(75, 'tomatenpuree', '2016-10-25 18:21:04', '2016-10-25 18:21:04'),
(76, 'paneermeel', '2016-10-25 18:21:04', '2016-10-25 18:21:04'),
(77, 'frituurolie', '2016-10-25 18:21:04', '2016-10-25 18:21:04'),
(78, 'butter', '2016-10-25 18:37:37', '2016-10-25 18:37:37'),
(79, 'onion or leek, chopped', '2016-10-25 18:37:37', '2016-10-25 18:37:37'),
(80, 'salt', '2016-10-25 18:37:37', '2016-10-25 18:37:37'),
(81, 'garlic', '2016-10-25 18:37:37', '2016-10-25 18:37:37'),
(82, 'parsnips, peeled and chopped', '2016-10-25 18:37:37', '2016-10-25 18:37:37'),
(83, 'chicken or vegetable broth', '2016-10-25 18:37:37', '2016-10-25 18:37:37'),
(84, 'low-fat or whole milk', '2016-10-25 18:37:37', '2016-10-25 18:37:37'),
(85, 'pepper', '2016-10-25 18:37:37', '2016-10-25 18:37:37'),
(86, 'fresh herbs for garnish (chervil, parsley or chives)', '2016-10-25 18:37:37', '2016-10-25 18:37:37'),
(87, 'some cream', '2016-10-25 18:37:37', '2016-10-25 18:37:37'),
(88, 'wokolie', '2016-10-25 18:40:08', '2016-10-25 18:40:08'),
(89, 'oosterse wokgroente', '2016-10-25 18:40:08', '2016-10-25 18:40:08'),
(90, 'cherrytomaten', '2016-10-25 18:40:08', '2016-10-25 18:40:08'),
(91, 'roerbakmie', '2016-10-25 18:40:08', '2016-10-25 18:40:08'),
(92, 'pinda\'s', '2016-10-25 18:40:08', '2016-10-25 18:40:08'),
(93, 'vloeibare margarine', '2016-10-25 18:42:43', '2016-10-25 18:42:43'),
(94, 'panklare krieltjes', '2016-10-25 18:42:43', '2016-10-25 18:42:43'),
(95, 'sla', '2016-10-25 18:42:43', '2016-10-25 18:42:43'),
(96, 'walnoten', '2016-10-25 18:42:43', '2016-10-25 18:42:43'),
(97, 'vinaigrette de Dijon', '2016-10-25 18:42:43', '2016-10-25 18:42:43'),
(98, 'Fiorucci Coppa', '2016-10-25 18:42:43', '2016-10-25 18:42:43'),
(99, 'geitenkaas', '2016-10-25 18:42:43', '2016-10-25 18:42:43'),
(100, 'bladerdeeg, bodem voor hartige taart', '2016-10-25 18:44:07', '2016-10-25 18:44:07'),
(101, 'trostomaat', '2016-10-25 18:44:07', '2016-10-25 18:44:07'),
(102, 'blauwaderkaas', '2016-10-25 18:44:07', '2016-10-25 18:44:07'),
(103, 'gedroogde rozemarijn', '2016-10-25 18:44:07', '2016-10-25 18:44:07'),
(104, 'broccoli', '2016-10-25 18:44:07', '2016-10-25 18:44:07'),
(105, 'achterham', '2016-10-25 18:45:20', '2016-10-25 18:45:20'),
(106, 'verse bieslook', '2016-10-25 18:45:20', '2016-10-25 18:45:20'),
(107, 'roomboter', '2016-10-25 18:45:20', '2016-10-25 18:45:20'),
(108, 'groene asperges', '2016-10-25 18:45:20', '2016-10-25 18:45:20'),
(109, 'oude boerenkaas', '2016-10-25 18:45:20', '2016-10-25 18:45:20'),
(110, 'bleekselderij', '2016-10-25 18:48:00', '2016-10-25 18:48:00'),
(111, 'bladerdeeg', '2016-10-25 18:48:00', '2016-10-25 18:48:00'),
(112, 'volle Franse kwark', '2016-10-25 18:48:00', '2016-10-25 18:48:00'),
(113, 'roombrie', '2016-10-25 18:48:00', '2016-10-25 18:48:00'),
(114, 'Granny Smith appel', '2016-10-25 18:48:00', '2016-10-25 18:48:00'),
(115, 'spaghetti', '2016-10-25 18:49:47', '2016-10-25 18:49:47'),
(116, 'Parmezaanse kaas', '2016-10-25 18:49:47', '2016-10-25 18:49:47'),
(117, 'olijfolie extra vierge', '2016-10-25 18:49:47', '2016-10-25 18:49:47'),
(118, 'rode uien', '2016-10-25 18:51:19', '2016-10-25 18:51:19'),
(119, 'zachte geitenkaas (Bettine Blanc)', '2016-10-25 18:51:19', '2016-10-25 18:51:19'),
(120, 'magere gerookte spekreepjes', '2016-10-25 18:51:19', '2016-10-25 18:51:19'),
(121, 'fijne suiker', '2016-10-25 18:51:19', '2016-10-25 18:51:19'),
(122, 'balsamicoazijn', '2016-10-25 18:51:19', '2016-10-25 18:51:19'),
(123, 'verse tijm', '2016-10-25 18:51:19', '2016-10-25 18:51:19'),
(124, 'zwarte peper', '2016-10-25 18:51:19', '2016-10-25 18:51:19'),
(125, 'eieren (middel groot)', '2016-10-25 18:51:19', '2016-10-25 18:51:19'),
(126, 'koude boter of margarine', '2016-10-25 18:55:47', '2016-10-25 18:55:47'),
(127, 'eieren (M)', '2016-10-25 18:55:47', '2016-10-25 18:55:47'),
(128, 'geraspte emmentaler', '2016-10-25 18:55:47', '2016-10-25 18:55:47'),
(129, 'geraspte gruyère', '2016-10-25 18:55:47', '2016-10-25 18:55:47'),
(130, 'tomaten', '2016-10-25 18:55:47', '2016-10-25 18:55:47'),
(131, 'Provençaalse kruiden', '2016-10-25 18:55:47', '2016-10-25 18:55:47'),
(132, 'bloem om te bestuiven', '2016-10-25 18:55:47', '2016-10-25 18:55:47'),
(133, 'boter of margarine om in te vetten', '2016-10-25 18:55:47', '2016-10-25 18:55:47'),
(134, 'oud witbrood', '2016-10-25 18:57:16', '2016-10-25 18:57:16'),
(135, 'Hollandse geitenkaas', '2016-10-25 18:57:16', '2016-10-25 18:57:16'),
(136, 'verse peterselie', '2016-10-25 18:57:16', '2016-10-25 18:57:16'),
(137, 'tilapiafilet', '2016-10-25 18:57:16', '2016-10-25 18:57:16'),
(138, 'komkommers', '2016-10-25 18:57:16', '2016-10-25 18:57:16'),
(139, 'rode ui', '2016-10-25 18:57:16', '2016-10-25 18:57:16'),
(140, 'vinaigrette', '2016-10-25 18:57:16', '2016-10-25 18:57:16'),
(141, 'aardappelpuree à la minute', '2016-10-25 18:57:16', '2016-10-25 18:57:16'),
(142, 'spinazie', '2016-10-25 18:58:47', '2016-10-25 18:58:47'),
(143, 'verse munt', '2016-10-25 18:58:47', '2016-10-25 18:58:47'),
(144, 'verse lasagnebladen', '2016-10-25 18:58:47', '2016-10-25 18:58:47'),
(145, 'roomkaas light', '2016-10-25 18:58:47', '2016-10-25 18:58:47'),
(146, 'geraspte pittige kaas', '2016-10-25 18:58:47', '2016-10-25 18:58:47'),
(147, 'Pecorino Romano', '2016-10-25 18:59:58', '2016-10-25 18:59:58'),
(148, 'gedroogde oregano', '2016-10-25 18:59:58', '2016-10-25 18:59:58'),
(149, 'rundergehakt', '2016-10-25 18:59:58', '2016-10-25 18:59:58'),
(150, 'tomatenblokjes', '2016-10-25 18:59:58', '2016-10-25 18:59:58'),
(151, 'gesneden bladspinazie', '2016-10-25 18:59:58', '2016-10-25 18:59:58'),
(152, 'mascarpone', '2016-10-25 18:59:58', '2016-10-25 18:59:58'),
(153, 'gerookt ontbijtspek', '2016-10-25 19:01:57', '2016-10-25 19:01:57'),
(154, 'versgemalen zwarte peper', '2016-10-25 19:01:57', '2016-10-25 19:01:57'),
(155, 'courgettes', '2016-10-25 19:03:27', '2016-10-25 19:03:27'),
(156, 'flour tortilla\'s', '2016-10-25 19:03:27', '2016-10-25 19:03:27'),
(157, 'eikenbladslamelange', '2016-10-25 19:03:27', '2016-10-25 19:03:27'),
(158, 'aardappels', '2016-10-25 19:05:21', '2016-10-25 19:05:21'),
(159, 'knolselderij', '2016-10-25 19:05:21', '2016-10-25 19:05:21'),
(160, 'rauwe ham', '2016-10-25 19:05:21', '2016-10-25 19:05:21'),
(161, 'verse spinazie', '2016-10-25 19:05:21', '2016-10-25 19:05:21'),
(162, 'gezeefde tomaten', '2016-10-25 19:05:21', '2016-10-25 19:05:21'),
(163, 'kabeljauwfilet', '2016-10-25 19:05:21', '2016-10-25 19:05:21'),
(164, 'nootmuskaat', '2016-10-25 19:05:21', '2016-10-25 19:05:21'),
(165, 'geroosterde pijnboompitten', '2016-10-25 19:05:21', '2016-10-25 19:05:21'),
(166, 'evt. sprietjes bieslook', '2016-10-25 19:05:21', '2016-10-25 19:05:21'),
(167, 'roomboterbladerdeeg', '2016-10-25 19:06:50', '2016-10-25 19:06:50'),
(168, 'mozzarella', '2016-10-25 19:06:50', '2016-10-25 19:06:50'),
(169, 'romatomaten', '2016-10-25 19:06:50', '2016-10-25 19:06:50'),
(170, 'champignons', '2016-10-25 19:20:10', '2016-10-25 19:20:10'),
(171, 'kruidenkaas', '2016-10-25 19:20:10', '2016-10-25 19:20:10'),
(172, 'tortellini', '2016-10-25 19:20:10', '2016-10-25 19:20:10'),
(173, 'geraspte kaas', '2016-10-25 19:20:10', '2016-10-25 19:20:10'),
(174, 'luke warm water', '2016-10-25 19:35:19', '2016-10-25 19:35:19'),
(175, 'yeast', '2016-10-25 19:35:19', '2016-10-25 19:35:19'),
(176, 'sugar', '2016-10-25 19:35:19', '2016-10-25 19:35:19'),
(177, '"00" flour', '2016-10-25 19:35:19', '2016-10-25 19:35:19'),
(178, 'olive oil', '2016-10-25 19:35:19', '2016-10-25 19:35:19'),
(179, 'milk', '2016-10-25 19:35:19', '2016-10-25 19:35:19'),
(180, 'gekookte quinoa', '2016-10-25 19:44:17', '2016-10-25 19:44:17'),
(181, 'amandelen, geschaafd of gesneden, geroosterd', '2016-10-25 19:44:17', '2016-10-25 19:44:17'),
(182, 'room', '2016-10-25 19:44:17', '2016-10-25 19:44:17'),
(183, 'avocado', '2016-10-25 19:44:17', '2016-10-25 19:44:17'),
(184, 'gedroogde italiaanse ham', '2016-10-25 19:53:05', '2016-10-25 19:53:05'),
(185, 'sjalot', '2016-10-25 19:53:05', '2016-10-25 19:53:05'),
(186, 'kerstomaten', '2016-10-25 19:53:05', '2016-10-25 19:53:05'),
(187, 'basilicum (vers)', '2016-10-25 19:53:05', '2016-10-25 19:53:05'),
(188, 'rijst', '2016-10-25 20:07:12', '2016-10-25 20:07:12'),
(189, 'bouillon', '2016-10-25 20:07:12', '2016-10-25 20:07:12'),
(190, 'kerrie', '2016-10-25 20:07:12', '2016-10-25 20:07:12'),
(191, 'bloemig kokende aardappelen', '2016-10-25 20:11:00', '2016-10-25 20:11:00'),
(192, 'komijn', '2016-10-25 20:11:00', '2016-10-25 20:11:00'),
(193, 'varkenshaasjes', '2016-10-25 20:20:53', '2016-10-25 20:20:53'),
(194, 'citroen (sap van)', '2016-10-25 20:20:53', '2016-10-25 20:20:53'),
(195, 'eierdooier', '2016-10-25 20:20:53', '2016-10-25 20:20:53'),
(196, 'ananas blokjes', '2016-10-25 20:20:53', '2016-10-25 20:20:53'),
(197, 'maizena', '2016-10-25 20:20:53', '2016-10-25 20:20:53'),
(198, 'soya', '2016-10-25 20:20:53', '2016-10-25 20:20:53'),
(199, 'ketjap', '2016-10-25 20:20:53', '2016-10-25 20:20:53');


--
-- Dumping data for table `recipes`
--

INSERT INTO `recipes` (`id`, `title`, `preparation`, `description`, `photo`, `cooking_time`, `servings`, `cuisine_id`, `course_id`, `rating`, `lastPrepared`, `created_at`, `updated_at`) VALUES
(1, 'Chur­ros (ge­fri­tuur­de deeg­sten­gels)', '<p>Klop in een kom de eieren los. Zeef boven een andere kom de bloem. Breng in een pan het water met de olie, citroenschil, suiker en zout aan de kook. Verwijder de citroenschil. Zet het vuur laag, voeg de bloem in &eacute;&eacute;n keer aan het water in pan toe. Roer het geheel krachtig met een houten lepel 1-2 min. door tot er een deegbal ontstaat. Neem de pan van het vuur en roer de losgeklopte eieren er beetje bij beetje krachtig door tot er een gelijkmatig en glanzend deeg ontstaat. Verhit de frituurolie tot ca. 185 &ordm;C. Schep het deeg in een spuitzak. Spuit in gedeelten slierten van ca. 10 cm in de olie en frituur ca. 4 min. goudbruin. Laat uitlekken op keukenpapier en bestrooi flink met poedersuiker. combinatietip: Serveer de Churros met dikke chocolademelk. Spaanse chocolademelk: breek 200 g pure chocolade in stukjes. Los 4 tl ma&iuml;zena op in een klein beetje melk. Verwarm in een pan de chocolade met 1 l volle melk en de ma&iuml;zena-oplossing. Voeg 3 el suiker toe en blijf voortdurend roeren tot de chocolade is gesmolten. Haal de pan van het vuur zodra de chocolademelk kookt. Dien de chocolademelk op in mokken en doop de churros erin.</p>\r\n', '', 'files/photos/1476131125.png', 50, 15, 1, 1, '5.00', '0000-00-00 00:00:00', '2016-10-10 19:25:25', '2016-11-06 13:52:49'),
(2, 'Knoflooksaus', '<ul>\r\n	<li>Meng citroensap met de suiker en roer totdat de suiker is opgelost.(Dit gaat beter als je het citroensap eerst verwarmt; bijv. even in de magnetron)</li>\r\n	<li>Pers de knoflooktenen en roer door het citroensap.</li>\r\n	<li>Meng creme fraiche, mayonaise en kruiden erdoor.</li>\r\n	<li>Naar smaak zout en peper toevoegen.</li>\r\n</ul>\r\n', 'Heerlijk! Als je hem een keer zelf hebt gemaakt, lust je nooit meer knoflooksaus uit een flesje!', 'files/photos/1477413338.png', 10, 2, 2, 2, '0.00', '0000-00-00 00:00:00', '2016-10-25 15:35:39', '2016-10-25 15:35:39'),
(3, 'Bie­ten­stamp­pot met spek en ap­pel', '<ol>\r\n	<li>Schil de aardappelen en snijd ze in gelijke stukken. Kook in water met zout in 20 min. gaar.</li>\r\n	<li>Verhit ondertussen 25 g boter in een koekenpan en bak de spekblokjes in 6 min. knapperig. Snijd de ui in halve ringen. Voeg de ui toe aan het spek en bak 1 min. mee.</li>\r\n	<li>Schil de bietjes en snijd ze in blokjes. Voeg de bietjes toe en bak 4 min. mee.</li>\r\n	<li>Snijd de appel in kwarten, verwijder het klokhuis en snijd de kwarten in stukjes. Voeg ze toe aan het bietenmengsel.</li>\r\n	<li>Giet de aardappelen af en vang wat kookvocht op. Stamp de aardappelen met de rest van de boter en het kookvocht met de pureestamper tot een smeu&iuml;ge puree.</li>\r\n	<li>Schep het bietenmengsel erdoor en breng op smaak met peper en zout. print</li>\r\n</ol>\r\n', 'Zoet, hartig, smeuïg en in een half uur op tafel.', 'files/photos/1477413507.png', 30, 4, 3, 3, '4.50', '0000-00-00 00:00:00', '2016-10-25 15:38:27', '2016-11-09 21:49:35'),
(4, 'Pindasaus', '<p>Fruit de ui en de knoflook in de pan. Voeg beetje bij beetje de pindakaas en de helft van de melk / bouilon toe op een zacht vuur.<br />\r\n&nbsp;Blijf roeren tot er en gladde massa is ontstaan.</p>\r\n\r\n<p>Voeg de overige melk/bouilon en het citroensap toe.</p>\r\n\r\n<p>Voeg de ketjap, sambal en de kruiden en specerijen naar smaak toe.</p>\r\n\r\n<p>Als de saus te dik is voeg dan meer melk / bouilon toe. Bij te dunne saus voeg je meer pindakaas toe. De vleesbouilon kan ook vervangen worden door kokosmelk of water.</p>\r\n', 'Heerlijke zelfgemaakte pindasaus!', 'files/photos/1477420958.png', 15, 2, 2, 2, '0.00', '0000-00-00 00:00:00', '2016-10-25 17:42:38', '2016-10-25 17:42:38'),
(5, 'Gegrilde halloumi burger met avocado', '<p>Snijd de halloumi in twee dikke plakken. Verhit een grillpan of grill. Grill de halloumi samen met het brood tot er mooie grillstrepen op staan.</p>\r\n\r\n<p>Lepel de avocado uit de schil. Pureer de avocado samen met een lepel kwark of cr&egrave;me fraiche. Breng de avocadopuree op smaak met peper en zout.</p>\r\n\r\n<p>Besmeer plakken brood met de avocadopuree. Verdeel hier wat rucola, tomaatjes en komkommer over. Leg de gegrilde halloumi hierop. Schep een flinke lepel van de&nbsp;<em>roasted garlic onion jam</em>&nbsp;op de burger. Je kan ook zelf uien karameliseren door een flinke ui in halve ringen te snijden, even aan te bakken op hoog vuur en vervolgens met een schepje suiker of scheutje ahornsiroop en wat water in te laten koken.</p>\r\n\r\n<p>Bestrooi de burger met wat kiemgroenten en nog wat extra rucola. Leg de andere plak brood erop. Super lekker met frieten van&nbsp;zoete aardappel&nbsp;of&nbsp;pompoen.</p>\r\n', 'Bestrooi de burger met wat kiemgroenten en nog wat extra rucola. Super lekker met frieten van zoete aardappel of pompoen.', 'files/photos/1477421684.png', 20, 2, 4, 3, '0.00', '0000-00-00 00:00:00', '2016-10-25 17:54:44', '2016-10-25 17:54:44'),
(6, 'Romige Spinazie Tortellini', '<ol>\r\n	<li>De tortellini volgens de gebruiksaanwijzing bereiden.</li>\r\n	<li>In een grote koekenpan op een middelhoog vuur de boter verhitten. Ui erdoor roeren en zacht en doorzichtig bakken. Roomkaas, Parmezaanse kaas, melk, champignons en spinazie erdoor roeren.</li>\r\n	<li>Tortellini en cherry tomaatjes voorzichtig door de pan scheppen, opwarmen en serveren.</li>\r\n</ol>\r\n', 'Heerlijke tortellini, opgemaakt met tomaat, champignons, spinazie en een volle, romige saus. In ons gezin een favoriet pastagerecht!', 'files/photos/1477422084.png', 30, 4, 5, 3, '0.00', '0000-00-00 00:00:00', '2016-10-25 18:01:24', '2016-10-25 18:01:24'),
(7, 'Ho­ning-mos­terd­vi­nai­gret­te', '<p>&nbsp;Doe de azijn, olie, honing, mosterd en de mayonaise in een kommetje en klop met een garde tot vinaigrette. Breng op smaak met peper en eventueel zout. combinatietip: Lekker over een salade van kropsla, op een broodje ham of over gegrilde kip.</p>\r\n', 'Een zachte dressing om je salade mee op smaak te brengen.', 'files/photos/1477422273.png', 5, 4, 6, 2, '0.00', '0000-00-00 00:00:00', '2016-10-25 18:04:33', '2016-10-25 18:04:33'),
(8, 'Cous­cous­sa­la­de met ge­roos­ter­de groen­ten', '<p>Doe de couscous in een grote schaal, schenk er hetl kokend water op en laat 5 minuten wellen. Snijd de courgette en paprika in blokjes, de venkel in smalle partjes en de knoflook fijn. Schep de courgette, paprika, venkel, helft van de knoflook en de helft van de olie om in een schaal. Breng op smaak met peper en eventueel zout. Verhit een grote koeken- of hapjespan met antiaanbaklaag. Rooster de groenten in de droge pan op matig hoog vuur in 6-8 minuten beetgaar. Schep ze uit de pan. Verhit de resterende olie, fruit de rest van de knoflook. Voeg het gehakt toe, breng op smaak met peper en eventueel zout en bak rul en gaar. Rooster intussen de pijnboompitten en snijd de basilicum fijn. Schep het gehakt bij de groenten. Roer de couscous met een vork los en meng met het groenten-gehaktmengsel, de rucola, het basilicum en de pijnboompitten. Breng op smaak met peper en eventueel zout en schep op een grote schaal. Strooi de kaas over de lauwwarme couscoussalde.</p>\r\n', 'Onverwachte eters? Van deze goedgevulde salade maak je zo een portie meer.', 'files/photos/1477422356.png', 25, 8, 7, 3, '0.00', '0000-00-00 00:00:00', '2016-10-25 18:05:56', '2016-10-25 18:05:56'),
(9, 'Prei­taart met gei­ten­kaas', '<p>Laat het deeg ontdooien en verwarm de oven voor op 200 &deg;C. Maak de prei schoon en snijd de prei in ringen. Verhit de boter in een braadpan en laat de prei 5 min. smoren en vocht verdampen. Snijd de tomaat in reepjes en roer de tomaatreepjes en de bloem door de prei. Kruimel de kaas erover. Klop het ei los met de koksroom, peper en eventueel wat zout. Vet de taartvorm in en bekleed de vorm met het deeg. Roer het eimengsel door de prei. Schep het preimengsel in de taartvorm en zet de taartvorm in het midden van de oven. Bak het preimengsel in 30 min. goudbruin.</p>\r\n', 'Deze vegetarische hartige taart met geitenkaas en zongedroogde tomaten is net een traktatie.', 'files/photos/1477422487.png', 55, 4, 6, 3, '0.00', '0000-00-00 00:00:00', '2016-10-25 18:08:07', '2016-10-25 18:08:07'),
(10, 'Lim­burg­se as­per­ge­soep', '<p>Was de asperges, verwijder de houtachtige onderkant van de asperges en schil ze rondom met een dunschiller vanaf vlak onder het kopje naar beneden. Breng de asperges met de schillen en het bouillontablet (in een aspergepan) met 1.5 liter water aan de kook. Neem na 15 min. de asperges uit de pan en laat de schillen nog 30 min. op laag vuur doorkoken. Zeef het kookvocht en gooi de schillen weg. Snijd de gekookte asperges in stukjes. Smelt in een soeppan de boter, strooi de bloem erover en roer deze door de boter. Laat dit even bruisen en voeg al roerend scheut voor scheut het kookvocht van de asperges erbij. Laat de soep 15 min. op laag vuur doorkoken. Kook het ei hard, laat schrikken en prak fijn met een vork. Voeg het ei, de aspergestukjes, hamreepjes en de slagroom toe aan de soep. Breng het geheel op smaak met zout en (versgemalen) peper en strooi de fijngesneden peterselie erover.</p>\r\n', 'Zó Hollands en zó lekker!', 'files/photos/1477422695.png', 85, 4, 3, 4, '0.00', '0000-00-00 00:00:00', '2016-10-25 18:11:35', '2016-10-25 18:11:35'),
(11, 'Gefrituurde tahoeballetjes', '<p>Rooster het brood knapperig en rol het daarna fijn met de deegroller.<br />\r\nPrak de tahoe met een vork fijn, kluts de eieren en pers er de knoflook boven uit.<br />\r\nMeng nu de ingredienten tot en met de Parmezaanse kaas door elkaar.<br />\r\nBreng de massa op smaak met zout, peper, oregano en basilicum.<br />\r\nVoeg daarna zoveel tomatenpuree toe dat een stevig maar smeuig deeg ontstaat.<br />\r\nRol hiervan kleine balletjes, paneer ze in paneermeel en bak ze in hete olie goudbruim en krokant.</p>\r\n', '', 'files/photos/1477423264.png', 60, 4, 8, 5, '4.00', '0000-00-00 00:00:00', '2016-10-25 18:21:04', '2016-11-09 21:49:56'),
(12, 'Parsnip souop', '<ol>\r\n	<li>Melt butter in a large pot over medium-low heat. Add onion and salt. Cook, stirring occasionally, until the onion is a bit creamy looking, about 10 minutes (adjust heat so onions cook but don&#39;t start to brown).</li>\r\n	<li>Add garlic an cook, stirring, until fragrant, about 1 minute. Add parsnip and broth and bring to a boil. Reduce heat to maintain a steady simmer and cook until parsnips are very tender to the bite, about 20 minutes.</li>\r\n	<li>Pur&eacute;e soup with a hand-held blender until very smooth. Or, whirl in batches in a blender or food processor (cover blender with a kitchen towel to avoid potential burns). For an ultra-smooth soup, strain through a fine-mesh sieve, if you like.</li>\r\n	<li>Add milk and gently heat, but do not boil. Season to taste with salt and pepper. Serve hot, garnished with fresh herbs, if you like.</li>\r\n</ol>\r\n', '', 'files/photos/1477424257.png', 40, 4, 9, 6, '0.00', '0000-00-00 00:00:00', '2016-10-25 18:37:37', '2016-10-25 18:37:37'),
(13, 'Oos­ter­se noe­dels met pin­da\'s', '<p>In kom eieren loskloppen met zout en peper. In wok 2 el olie verhitten. Eieren in wok schenken en roeren met houten spatel tot smeu&iuml;ge massa ontstaat. Roerei in kom scheppen en warmhouden. Rest van olie in wok verhitten en groentemix en knoflook 5 min. roerbakken. Laatste minuut tomaatjes meebakken. Intussen roerbakmie in 2 min. volgens gebruiksaanwijzing beetgaar koken. Mie afgieten en met roerei en ketjap door groentemix scheppen. Geheel nog 2 min. bakken, voorzichtig omscheppen. Mie over vier grote kommen verdelen en garneren met pinda&#39;s.</p>\r\n', '', 'files/photos/1477424408.png', 15, 4, 10, 3, '0.00', '0000-00-00 00:00:00', '2016-10-25 18:40:08', '2016-10-25 18:40:08'),
(14, 'Gei­ten­kaas­sa­la­de met Cop­pa­ham en kriel­tjes', '<p>Bereiden print Let op! Je wijkt af van het aantal personen waarvoor dit recept ontwikkeld is. Bereiding, video, kook- en oventijden en keukenspullen kunnen hierdoor ook afwijken. Lees de tips In pan margarine verhitten en krieltjes in 10-12 min. bruinbakken. Sla schoonmaken, in kleine stukken scheuren en wassen. Appel schillen, klokhuis verwijderen en appel in blokjes snijden. Sla, appel, walnoten, krieltjes en vinaigrette mengen en over vier borden verdelen. Van ham stukjes snijden en over sla verdelen. Geitenkaas boven sla verkruimelen. print</p>\r\n', '', 'files/photos/1477424563.png', 20, 4, 10, 3, '0.00', '0000-00-00 00:00:00', '2016-10-25 18:42:43', '2016-10-25 18:42:43'),
(15, 'Kaas­qui­che met to­maat', '<p>Verwarm de oven voor op 200 &deg;C. Bekleed de vorm met het ontdooide deeg. Halveer de tomaten en verdeel ze over de vorm met de snijkant naar boven. Klop de eieren los met de slagroom. Meng de kaas, rozemarijn en peper en zout erdoor en schenk over de tomaten. Bak de quiche in 35-40 min. goudbruin en gaar. Snijd de broccoli in roosjes en kook in 4 min. beetgaar. Serveer bij de quiche.</p>\r\n', 'Deze quiche heeft een intense kaassmaak omdat je er blauwaderkaas voor gebruikt. Die geurt sterk maar smaakt voortreffelijk.', 'files/photos/1477424647.png', 55, 4, 6, 3, '0.00', '0000-00-00 00:00:00', '2016-10-25 18:44:07', '2016-10-25 18:44:07'),
(16, 'Groe­ne as­per­ges met boe­ren­ham en ou­de kaas', '<p>Eieren in 8 min. hardkoken, onder koud water afspoelen en pellen. Eieren in grove stukjes snijden. Ham in smalle repen en daarna in piepkleine blokjes snijden. Bieslook fijnsnijden. In pannetje boter smelten. Pan van vuur nemen en hamblokjes, ei en bieslook erdoor roeren. Naar smaak zout en peper toevoegen. Houtachtige uiteinden (2-4 cm) van asperges afsnijden. In wijde pan of aspergepan asperges in 10 min. beetgaar koken. Kaas met dunschiller in krullen schaven. Hamsaus op laag vuur verwarmen. Asperges laten uitlekken en met koppen naar dezelfde kant op vier borden leggen. Hamsaus over asperges lepelen en kaaskrullen losjes erover strooien.</p>\r\n', '', 'files/photos/1477424720.png', 30, 4, 10, 7, '0.00', '0000-00-00 00:00:00', '2016-10-25 18:45:20', '2016-10-25 18:45:20'),
(17, 'Brie­qui­che met ap­pel', '<p>Verwarm de oven voor op 200 &ordm;C. Snijd de bleekselderij in boogjes en hak de walnoten grof. Bekleed de ingevette vorm met het ontdooide bladerdeeg. Verhit de olie in een koekenpan en bak de bleekselderij 5 min. Schep de bleekselderij met &frac34; van de walnoten in de vorm. Klop de eieren los met de kwark en schenk over de bleekselderij. Snijd de brie in plakken. Snijd de appel in kwarten, verwijder het klokhuis en snijd in parten. Leg dakpansgewijs en in een cirkel de brie en appel op de vulling. Bestrooi met de rest van de walnoten. Bak in 35-40 min. goudbruin en gaar. variatietip: Franse kwark is ook lekker als ontbijt met muesli, gemalen kaneel en honing.</p>\r\n', 'Een rijke briesmaak, een friszuur appeltje, knapperige walnoten… deze quiche heeft het allemaal.', 'files/photos/1477424880.png', 60, 4, 6, 3, '0.00', '0000-00-00 00:00:00', '2016-10-25 18:48:00', '2016-10-25 18:48:00'),
(18, 'Pas­ta pes­to', '<p>Kook de spaghetti volgens de aanwijzingen op de verpakking beetgaar. Giet af en bewaar een kopje kookvocht. Rooster ondertussen de pijnboompitten in een koekenpan zonder olie of boter in 3 min. goudbruin. Laat afkoelen op een bord. Rasp ⅓ van de kaas. Maal de pijnboompitten, geraspte kaas en knoflook in de keukenmachine fijn. Voeg het basilicum en de olie toe en maal kort tot pesto. Breng op smaak met peper en zout. Voeg de pesto en 2-3 el kookvocht toe aan de pasta en schep om. Voeg eventueel wat extra kookvocht toe om de pasta smeu&iuml;ger te maken. Rasp de rest van de kaas erover en serveer direct. <strong>Combinatietip: Voor een rijkere pasta kun je 200 g gekookte aardappelblokjes en 250 g gebroken sperziebonen toevoegen</strong></p>\r\n', '', 'files/photos/1477424987.png', 20, 4, 5, 3, '0.00', '0000-00-00 00:00:00', '2016-10-25 18:49:47', '2016-10-25 18:49:47'),
(19, 'Flens­jes met ge­ka­ra­mel­li­seer­de ro­de ui en gei­ten­kaas', '<p>Uien pellen en in dunne ringen snijden. Geitenkaas in kleine stukjes verdelen en in kom doen. Magere spekreepjes in koekenpan met anti-aanbaklaag in ca. 5 minuten zachtjes uitbakken. Spek uit koekenpan scheppen en op keukenpapier laten uitlekken. In koekenpan in spekvet uienringen, suiker en balsamicoazijn 15 &agrave; 20 minuten zachtjes bakken tot ui zacht en gekaramelliseerd is. 4 Takjes tijm voor garnering apart houden en blaadjes van rest van takjes halen en met peterselie fijnhakken. Bloem en zout in grote kom zeven. In midden van bloem een kuiltje maken, hierin eieren breken en helft van melk schenken, met garde tot glad beslag roeren. Rest van melk door beslag roeren. In koekenpan met anti-aanbaklaag 5 g boter verhitten en met 1/8 deel van beslag flensje in 2 &agrave; 3 minuten aan beide zijden goudbruin bakken. Flensje onder aluminiumfolie warmhouden en op zelfde wijze overige flensjes bereiden. Geitenkaas, spekjes, gekaramelliseerde ui en fijngehakte kruiden over flensjes verdelen en flensjes oprollen. Flensjes over 4 borden verdelen en garneren met takjes tijm. Lekker met groene salade.</p>\r\n', '', 'files/photos/1477425078.png', 60, 4, 10, 3, '5.00', '0000-00-00 00:00:00', '2016-10-25 18:51:19', '2016-10-25 18:51:31'),
(20, 'Kaas­qui­che met Pro­ven­çaal­se to­ma­ten', '<p>In kom bloem en 1/2 theelepel zout door elkaar roeren. Boter toevoegen en met 2 messen in kleine stukjes door bloem snijden. Koud water (1&nbsp;&agrave; 2 eetlepels) toevoegen en met koele hand tot soepel deeg kneden. Deeg in koelkast ca. 30 minuten laten rusten. Vorm invetten. Oven voorverwarmen op 200&deg;C of gasovenstand 4. Aanrecht bestuiven met bloem. Deeg uitrollen tot ronde lap van ca. 30 cm doorsnede. Vorm bekleden met deeg, met vork gaatjes in bodem prikken. Eieren loskloppen met cr&egrave;me fra&icirc;che, ca. 1/2 theelepel zout en peper. Emmentaler en gruy&egrave;re erdoor roeren. In taartvorm schenken. Tomaten wassen, halveren en snijvlakken bestrooien met Proven&ccedil;aalse kruiden, zout en peper. Tomaten met snijvlak naar boven in taart zetten en besprenkelen met olijfolie. Taart in midden van oven in ca. 40 minuten gaar bakken. Serveren met groene salade.</p>\r\n', '', 'files/photos/1477425347.png', 90, 4, 6, 3, '0.00', '0000-00-00 00:00:00', '2016-10-25 18:55:47', '2016-10-25 18:55:47'),
(21, 'Ti­la­pia met gei­ten­kaas­korst', '<p>Oven voorverwarmen op 200&deg;C. Korsten van brood snijden en inkeukenmachine brood verkruimelen. Kaas raspen. Peterselie fijnknippen. Broodkruimels met kaas en peterselie mengen. Tilapia in ovenschaal leggen en met kaas-broodmengsel bestrooien. Tilapia in midden van oven in ca. 15 min. gaar en bruin bakken. Komkommers schoonmaken, halveren en zaadlijsten verwijderen. Komkommers in plakjes snijden of schaven. Ui pellen en in ringen snijden. Komkommer en ui met dressing mengen. Aardappelpuree volgens gebruiksaanwijzing bereiden. Tilapia met puree en komkommersalade serveren.</p>\r\n', '', 'files/photos/1477425436.png', 40, 4, 10, 3, '0.00', '0000-00-00 00:00:00', '2016-10-25 18:57:16', '2016-10-25 18:57:16'),
(22, 'Spi­na­zie­rol­len met 3 soor­ten kaas', '<p>Snipper de ui. Verhit de olie in een wok en fruit hierin de ui goudbruin. Voeg de spinazie in gedeelten toe en laat de blaadjes al omscheppend in 4-5 min. slinken. Laat de spinazie in een vergiet uitlekken en druk het vocht eruit. Verbrokkel de blauwaderkaas en snijd de munt in grove repen. Meng de spinazie in een kom met de munt en de blauwaderkaas en breng op smaak met peper. Verwarm de oven voor op 200 &deg;C. Vet de ovenschaal in. Spreid de lasagnevellen uit en bestrijk ze met roomkaas. Verdeel de spinazie erover, rol de vellen op en leg ze naast elkaar in de ovenschaal. Bestrooi de rolletjes met de kaas en de pijnboompitten en bak ze in het midden van de oven in 20 min. goudbruin en gaar. combinatietip: Lekker met een tomatensalade.</p>\r\n', 'Verse lasagnebladen kun je ook rollen en vullen met spinazie bijvoorbeeld. Lekker met tomatensalade.', 'files/photos/1477425527.png', 35, 4, 5, 3, '0.00', '0000-00-00 00:00:00', '2016-10-25 18:58:47', '2016-10-25 18:58:47'),
(23, 'Ro­mi­ge spi­na­zie­la­sag­ne', '<p>Verwarm de oven voor op 200 &deg;C. Snipper de ui en snijd de knoflook fijn. Rasp de Pecorino fijn. Verhit de olie in een koekenpan en fruit de ui 4 min. Voeg de knoflook, oregano en het gehakt toe. Bak het gehakt rul en goudbruin. Voeg de tomatenblokjes toe aan het gare gehakt en kook 5 min. Breng op smaak met peper en eventueel zout. Maak laagjes met ⅓ van de gehaktsaus, ⅓ van de lasagnebladen, ⅓ van de spinazie en ⅓ van de mascarpone. Bestrooi steeds met peper en zout. Bestrooi met de Pecorino. Dek de schaal af met aluminiumfolie en zet ca. 30 min. in het midden van de oven. Verwijder na 20 min. de folie. bewaartip: Je kunt de lasagne 1 dag van tevoren bereiden, maar zet &#39;m nog niet in de oven: doe dat pas de dag zelf. Bewaar afgedekt in de koelkast.</p>\r\n', 'Klassieke lasagne heeft een bechamelsaus. In deze variant gaat romige mascarpone. Makkelijker, net zo lekker.', 'files/photos/1477425598.png', 60, 4, 5, 3, '0.00', '0000-00-00 00:00:00', '2016-10-25 18:59:58', '2016-10-25 18:59:58'),
(24, 'Spa­ghet­ti car­bo­na­ra', '<p>Snijd het spek eerst in plakken en daarna in reepjes. Verhit de boter en de olie in een grote koekenpan en bak het spek en de geperste knoflook 4 min. Klop ondertussen de eieren los. Neem de pan met het spek van het vuur en houd apart. Kook de spaghetti beetgaar volgens de aanwijzingen op de verpakking. Rasp ondertussen de Parmezaanse kaas en de Pecorino kaas. Meng de helft van beide kazen door elkaar en houd de andere helft apart. Doe de pasta, van het vuur, terug in de pan en voeg het spek toe. Roer de eieren en de helft van de kaas erdoor en maal er zwarte peper over. Voeg als het te droog is wat kookvocht van de pasta toe. Verdeel de spaghetti over de borden en bestrooi met de rest van de kaas.</p>\r\n\r\n<p><strong>dieettip: Het gebruik van rauwe eieren wordt met het oog op salmonellabesmetting sterk afgeraden voor kwetsbare groepen, zoals kinderen tot vijf jaar, ouderen, zieken en zwangere vrouwen. Voor deze groepen is dit recept niet geschikt.</strong></p>\r\n', 'De saus voor deze pasta maak je van eidooiers en kaas. Immers: in échte carbonara gaat geen room.', 'files/photos/1477425717.png', 20, 4, 5, 3, '0.00', '0000-00-00 00:00:00', '2016-10-25 19:01:57', '2016-10-25 19:01:57'),
(25, 'Tor­til­la met gei­ten­kaas en ge­gril­de groen­ten', '<p>Snijd de courgettes in de lengte elk in 6 dunne plakken. Bestrooi ze met zout en laat ze 5 minuten liggen. Maak de paprika schoon en snijd hem in de lengte in 12 repen. Bestrijk de courgetteplakken en paprikarepen dun met olijfolie en rooster ze in een hete grillpan in gedeelten in 3-4 minuten goudbruin en gaar. Bestrooi ze met zout en (versgemalen) peper naar smaak. Verwarm de tortilla&#39;s volgens de aanwijzingen op de verpakking en bestrijk ze met geitenkaas. Leg de gegrilde courgette en paprika in het midden van de tortilla&#39;s en vouw de zijkanten over de vulling. Verdeel de slamelange over vier borden en sprenkel er wat citroensap en olijfolie over. Leg de tortilla&#39;s erop.</p>\r\n', '', 'files/photos/1477425807.png', 25, 4, 10, 3, '0.00', '0000-00-00 00:00:00', '2016-10-25 19:03:27', '2016-10-25 19:03:27'),
(26, 'Ka­bel­jauw met to­maat en gei­ten­kaas', '<p>Schil ca. 600 g aardappels en snijd ze in stukjes. Maak de knolselderij schoon en snijd hem in stukjes. Kook de aardappel- met de knolselderijstukjes in water met zout in 15-20 minuten gaar. Verwarm de oven voor op 200 &deg;C. Spreid de plakken rauwe ham uit op een plank en beleg ze met blaadjes spinazie.. Schenk ca. 100 ml gezeefde tomaten op een bord, voeg de helft van de geitenkaas en wat peper toe en prak alles door elkaar. Snijd de kabeljauw in 4 gelijke stukken. Bestrijk ze met het tomatenkaasmengsel en leg ze op de ham. Rol de ham met de vis op. Verhit 1 eetlepel olie in een koekenpan en bak de vispakketjes rondom lichtbruin. Leg ze op aluminiumfolie en bak ze nog ca. 7 minuten in de oven. Verhit 1 eetlepel olie in een pannetje en bak hierin de plakjes knoflook lichtbruin. Voeg de balsamicoazijn en de suiker toe en laat dit ca. 5 minuten inkoken. Breng op smaak met zout en peper. Verwarm in een pan de slagroom met naar smaak nootmuskaat. Giet de aardappels met de knolselderij af en wrijf ze boven de room door een zeef. Roer de puree luchtig en breng op smaak met zout en peper. Meng in een schaal de rest van de spinazie met de ingekookte azijn, pijnboompitten en de rest van de geitenkaas. Snijd de visrolletjes schuin door en leg ze elk op een bord. Schep daarnaast wat van de spinaziesalade en een flinke eetlepel van de aardappel-knolselderijpuree. Garneer eventueel met sprietjes bieslook.</p>\r\n', '', 'files/photos/1477425921.png', 35, 4, 3, 3, '0.00', '0000-00-00 00:00:00', '2016-10-25 19:05:21', '2016-10-25 19:05:21'),
(27, 'Qui­che ca­pre­se', '<p>Verwarm de oven voor op 180 &ordm;C. Bekleed de ingevette springvorm met het bladerdeeg. Snijd de basilicumblaadjes fijn, rasp de kaas en snijd de mozzarella in plakjes. Rooster de pijnboompitten 3 min. in een koekenpan zonder olie of boter. Laat afkoelen op een bord. Verdeel de pijnboompitten en cherrytomaten over de quichebodem. Klop de eieren los met de cr&egrave;me fra&icirc;che. Schep het basilicum en de Parmezaanse kaas erdoor en breng op smaak met peper en zout. Verdeel het eimengsel en de mozzarella over de tomaten. Snijd de romatomaten in plakken en leg op de quiche. Bak in ca. 55 min. in het midden van de oven goudbruin en gaar. Dek af met aluminiumfolie als hij te donker wordt. Laat in 1 uur afkoelen. Bon app&eacute;tit!</p>\r\n', 'Romatomaten hebben stevig vruchtvlees en behouden hun vorm daarom goed in deze quiche caprese.', 'files/photos/1477426010.png', 135, 4, 6, 3, '0.00', '0000-00-00 00:00:00', '2016-10-25 19:06:50', '2016-10-25 19:06:50'),
(28, 'Tortellini schotel', '<p>Tortellini&#39;s koken volgens de gebruiksaanwijzing. Tegelijkertijd spekjes uitbakken. Daarna uitje meefruiten en vervolgens groenten meebakken. Als alles goed is aangebakken kan het kruidenkaasje erbij om er doorheen te laten smelten. De gekookte tortellini er doorheen roeren en alles in een ovenschaal doen. Geraspte kaas eroverheen en dan eventjes onder de gril om de geraspte kaas te laten smelten. Het kan ook in de oven, maar dan duurt het wat langer. Of helemaal zonder de geraspte kaas (hoewel m&eacute;t eigenlijk ietsje lekkerder is!). Lekker met een salade erbij. Eet smakelijk!</p>\r\n\r\n<p>Variatietips:</p>\r\n\r\n<ul>\r\n	<li>Het gerecht kan eigenlijk met alle groenten, dus ook met wortel, aubergine, broccoli, prei, etc. er doorheen. Ik denk dat verse spinazie er doorheen ook lekker is! Zelf ben ik wel een fan van de champignon-paprika-courgette variant. Al naar gelang je bui kun je ook meer groenten en minder tortellini doen, of juist andersom.</li>\r\n	<li>Spekjes geven een heerlijke smaak aan het gerecht maar met hamblokjes of kipstukjes is het ook niet te versmaden!</li>\r\n	<li>Op het laatst kun je ook een blik tomatenblokjes toevoegen, of kleingesneden gepelde tomaten.</li>\r\n</ul>\r\n', '', 'files/photos/1477426809.png', 30, 4, 5, 3, '0.00', '0000-00-00 00:00:00', '2016-10-25 19:20:10', '2016-10-25 19:20:10'),
(29, 'Basic Pizza Dough', '<ol>\r\n	<li>Add two tablespoons of the water to the yeast and massage it into a paste with your fingers. Add the remaining water and the sugar and stir to combine.</li>\r\n	<li>Tip flour, gluten if using, and salt into the bowl of an electric mixer with the dough hook attached. Turn mixer onto low speed and add yeast mixture. Let it mix for 2 minutes until the dough comes together add oil and milk and mix for another 4 minutes until smooth and elastic.</li>\r\n	<li>Lightly dust a clean work surface with flour. Remove dough from the mixer, scraping the dough hooks. Kneed the dough for a couple of minutes, dusting with more flour if needed. Shape the dough into a ball.</li>\r\n	<li>Lightly dust a clean chopping board or baking sheet with flour. Place the dough on the board and cover with a clean tea towel and leave in a warm, draugh-free place to prove for 10-15 minutes.</li>\r\n	<li>Cut the dough into 120 gram portions and roll into balls. Cover with the tea towel and set aside on the flowered board to rise for a further 30 minutes or doubled in size.</li>\r\n</ol>\r\n', '', 'files/photos/1477427716.png', 90, 2, 5, 3, '0.00', '0000-00-00 00:00:00', '2016-10-25 19:35:19', '2016-10-25 19:35:19'),
(30, 'Quinoa met broccoli, avocado en amandelen', '<ol>\r\n	<li>Kook de quinoa zoals aangegeven op de verpakking. Kook daarna de broccoli in een laagje water. Giet &frac34; kop water in een grote pan en breng aan de kook. Voeg twee snufjes zout toe en roer die door de broccoli. Dek ongeveer een minuut af, net lang genoeg om ervoor te zorgen dat hij een lekkere <em>bite</em> houdt. Giet de broccoli af in een vergiet en laat het afkoelen.</li>\r\n	<li>Nu ga je puree maken van de gekookte broccoli (ongeveer 2 kopjes). Meng in een keukenmachine de broccoli, knoflook, &frac12; kopje van de amandelen, Parmezaanse kaas, zout en citroensap. Voeg daarna nog wat olijfolie en de room toe en maal tot een gladde massa.</li>\r\n	<li>Meng de quinoa met de overgebleven broccoli en de broccolipuree. Proef en voeg indien nodig nog wat zout of citroensap toe. Na het opdienen kun je de gesneden avocado, de rest van de amandelen en eventueel nog wat geraspte Parmezaanse kaas eraan toevoegen.</li>\r\n</ol>\r\n', '', 'files/photos/1477428256.png', 30, 4, 10, 3, '0.00', '0000-00-00 00:00:00', '2016-10-25 19:44:17', '2016-10-25 19:44:17'),
(31, 'Ravioli met ham en geitenkaas', '<ul>\r\n	<li>\r\n	<h3>Voor de raviolivulling</h3>\r\n\r\n	<ol>\r\n		<li>\r\n		<p>Doe de sneetjes rauwe ham in de blender. Maal het vlees fijn. (niet te lang blenden)</p>\r\n		</li>\r\n		<li>\r\n		<p>Voeg de stukjes geitenkaas toe aan de blenderbeker en mix het vlees en de kaas tot een egale mengeling.</p>\r\n		</li>\r\n		<li>\r\n		<p>Rasp de Parmezaanse kaas erbij en voeg wat peper van de molen toe. Mix alles nog een laatste keer en proef het resultaat. (Dit mag extra veel smaak hebben, want het is een vulling.)</p>\r\n		</li>\r\n		<li>\r\n		<p>Schep de raviolivulling in de plastic spuitzak, en leg de zak in de koelkast.</p>\r\n		</li>\r\n	</ol>\r\n	</li>\r\n</ul>\r\n\r\n<ul>\r\n	<li>\r\n	<h3>De ravioli maken</h3>\r\n\r\n	<ol>\r\n		<li>\r\n		<p>Haal het deeg uit de koelkast, en verdeel het in twee gelijke stukken. Strooi wat bloem over je werkoppervlak.</p>\r\n		</li>\r\n		<li>\r\n		<p>Neem de deegroller en rol de stukken pastadeeg uit tot twee identieke dunne lappen. (enkele millimeters dik)</p>\r\n		</li>\r\n		<li>\r\n		<p>Wie thuis een pastamolentje heeft, kan dit uiteraard ook gebruiken.</p>\r\n\r\n		<p>&nbsp;</p>\r\n\r\n		<p>Kooktechniek</p>\r\n\r\n		<h3>Pasta deeg uitrollen</h3>\r\n		</li>\r\n		<li>\r\n		<p>Spuit toefjes vulling op de eerste lap deeg. Doe dit in rijen en laat telkens zo&rsquo;n 3 &agrave; 4cm ruimte tussen elke portie van de vulling.</p>\r\n		</li>\r\n		<li>\r\n		<p>Leg de tweede lap deeg bovenop de eerst en druk deze voorzichtig aan, in het bijzonder rond de hoopjes vulling. Daar mogen geen luchtbellen in achterblijven.</p>\r\n		</li>\r\n		<li>\r\n		<p>Snij het deeg met de vulling in identieke vierkantjes van ongeveer 5x5 cm. Gebruik hiervoor een pastasnijder met een gekarteld wiel.</p>\r\n\r\n		<p>&nbsp;</p>\r\n\r\n		<p>Kooktechniek</p>\r\n\r\n		<h3>Tortelloni en ravioli vouwen</h3>\r\n\r\n		<p>Tortelloni vouwen vergt een beetje techniek. Wie dat niet ziet zitten, kan ook ravioli maken.</p>\r\n\r\n		<p>Wanneer je het verse pastadeeg bereid hebt en uitgerold tot velletjes, is het tijd om de pastavelletjes te vouwden. Dat vergt een beetje techniek, vooral als je tortellini wil maken.</p>\r\n\r\n		<p>Plooi voor tortellini elk deeglapje met vulling tot een driehoek, vouw het bovenste tipje naar voor, en leg het deeglapje om je wijsvinger heen.&nbsp;</p>\r\n\r\n		<p>Trek de uiterste twee hoekjes aan, onder je vinger, en druk ze stevig aan.</p>\r\n\r\n		<p>Als je teveel moeite hebt met het vormen van de tortelloni, dan kan je ook ravioli maken. Leg op de helft van de lapjes een portie van de vulling.</p>\r\n\r\n		<p>Dek elk lapje met vulling af met een tweede vierkantje deeg. Druk het deeg rondom de vulling stevig aan zodat alle lucht eruit is.</p>\r\n\r\n		<p>Vervolgens steek je met een kleine metalen ring rondjes uit het deeg.</p>\r\n\r\n		<p>&nbsp;</p>\r\n		</li>\r\n	</ol>\r\n	</li>\r\n</ul>\r\n\r\n<ul>\r\n	<li>\r\n	<h3>Voor de afwerking</h3>\r\n\r\n	<ol>\r\n		<li>\r\n		<p>Vul een pot met water en breng het aan de kook. Voeg een snuif zout toe.</p>\r\n		</li>\r\n		<li>\r\n		<p>Snipper de sjalot fijn en plet de look tot pulp.</p>\r\n		</li>\r\n		<li>\r\n		<p>Spoel de kerstomaten en verwijder het groene steeltje. Halveer elk tomaatje.</p>\r\n		</li>\r\n		<li>\r\n		<p>Zet een stoofpot of een pan op een stevig vuur. Schenk er een scheutje olijfolie in.</p>\r\n		</li>\r\n		<li>\r\n		<p>Stoof de stukjes sjalot en de look in een paar minuten glazig. Voeg dan de halve kerstomaten toe, en geef ze kort wat hitte. (Laat de tomaten zeker niet &lsquo;platkoken&rsquo;.)</p>\r\n		</li>\r\n		<li>\r\n		<p>Leg de ravioli in het kokende water. Zodra ze boven drijven zijn ze gaar. Reken een korte gaartijd van ongeveer 2 minuten.</p>\r\n		</li>\r\n		<li>\r\n		<p>Leg de ravioli in de pan met groenten en schep er een klein beetje van het kookvocht bij.</p>\r\n		</li>\r\n		<li>\r\n		<p>Kruid de schotel met wat peper en strooi er blaadjes (of snippers) verse basilicum over.</p>\r\n		</li>\r\n		<li>\r\n		<p>Serveer in een diep bord. Rasp wat extra Parmezaanse kaas over elke portie ravioli.</p>\r\n		</li>\r\n	</ol>\r\n	</li>\r\n</ul>\r\n', 'Zelf ravioli maken lijkt voor veel mensen een brug te ver. En toch is het perfect te doen. Het vergt het geduld om een eigen pastadeeg te maken en ook een klein beetje handigheid. Na het nodige knip- en plakwerk kan je een voorgerecht serveren dat tegelijk eenvoudig en uitzonderlijk smaakvol is. Dus, maak de Italiaanse kok in jezelf wakker en probeer het eens.', 'files/photos/1477428784.png', 80, 4, 5, 3, '0.00', '0000-00-00 00:00:00', '2016-10-25 19:53:05', '2016-10-25 19:53:05'),
(32, 'Rijst uit de Römertopf', '<p>De rijst met de bouillon en de kerrie in de natgemaakte R&ouml;mertopf doen; even omroeren. De deksel op de schotel leggen, deze in een koude oven plaatsen, die op 220&ordm;C is ingesteld en de rijst gaar koken in ca 40 minuten. De deksel afnemen en de rijst nog 10 minuten in de uitgeschakelde oven laten staan. Voor het opdienen de afmaken met de peterselie en de boter.</p>\r\n', '', 'files/photos/1477429632.png', 60, 6, 11, 2, '0.00', '0000-00-00 00:00:00', '2016-10-25 20:07:12', '2016-10-25 20:07:12'),
(33, 'Aardappelen uit de Römertopf', '<p>De aardappelen schillen, naast elkaar in de natgemaakte R&ouml;mertopf zetten. Met stukjes boter beleggen en bestrooien met peper en zout (komijn). De deksel opde schotel leggen, deze in een koude oven plaatsen, die op 250&deg;C is ingesteld en de aardappelen gaar smoren in ca 1 uur.</p>\r\n', '', 'files/photos/1477429860.png', 60, 4, 10, 2, '0.00', '0000-00-00 00:00:00', '2016-10-25 20:11:00', '2016-10-25 20:11:00'),
(34, 'Varkenshaas met zoet-zure saus uit de Römertopf', '<p>Het vlees in plakjes van 2 cm dikte snijden. De bloem vermengen met zout, de eierdooier, het citroensap en 2 eetlepels ananassap. De vleesplakjes door het deeg halen, deze in de hete boter met de gesnipperde ui aan beide kanten lichtbruin bakken en overdoen in de natgemaakte R&ouml;mertopf. De bouillon roeren met de kerrie, de tomatenpuree, de maizena en de blokjes ananas. Dit mengsel over het vlees gieten. De deksel op de schotel leggen, deze in een koude oven plaatsen die op 180&deg;C is ingesteld en het vlees gaar stoven in ca 35 minuten. Met zout, suiker en soja afmaken. De schotel opdienen met drooggekookte rijst.</p>\r\n', '', 'files/photos/1477430453.png', 50, 2, 10, 3, '0.00', '0000-00-00 00:00:00', '2016-10-25 20:20:53', '2016-10-25 20:20:53');

--
-- Dumping data for table `units`
--

INSERT INTO `units` (`id`, `name`, `abbreviation`, `created_at`, `updated_at`) VALUES
(1, '', '', '2016-10-10 19:25:25', '2016-10-10 19:25:25'),
(2, 'g', '', '2016-10-10 19:25:25', '2016-10-10 19:25:25'),
(3, 'ml', '', '2016-10-10 19:25:25', '2016-10-10 19:25:25'),
(4, 'el', '', '2016-10-10 19:25:25', '2016-10-10 19:25:25'),
(5, 'stukje', '', '2016-10-10 19:25:25', '2016-10-10 19:25:25'),
(6, 'mespunt', '', '2016-10-10 19:25:25', '2016-10-10 19:25:25'),
(7, 'liter', '', '2016-10-10 19:25:25', '2016-10-10 19:25:25'),
(8, 'theelepel', '', '2016-10-25 15:35:39', '2016-10-25 15:35:39'),
(9, 'tenen', '', '2016-10-25 15:35:39', '2016-10-25 15:35:39'),
(10, 'kg', '', '2016-10-25 15:38:27', '2016-10-25 15:38:27'),
(11, 'dl', '', '2016-10-25 17:42:38', '2016-10-25 17:42:38'),
(12, 'tl', '', '2016-10-25 17:42:38', '2016-10-25 17:42:38'),
(13, 'gram', '', '2016-10-25 17:54:44', '2016-10-25 17:54:44'),
(14, 'plakken', '', '2016-10-25 17:54:44', '2016-10-25 17:54:44'),
(15, 'teen', '', '2016-10-25 18:05:56', '2016-10-25 18:05:56'),
(16, 'sneetjes', '', '2016-10-25 18:21:04', '2016-10-25 18:21:04'),
(17, 'tbsp', '', '2016-10-25 18:37:37', '2016-10-25 18:37:37'),
(18, 'tsp', '', '2016-10-25 18:37:37', '2016-10-25 18:37:37'),
(19, 'clove', '', '2016-10-25 18:37:37', '2016-10-25 18:37:37'),
(20, 'zak', '', '2016-10-25 18:40:08', '2016-10-25 18:40:08'),
(21, 'teentje', '', '2016-10-25 18:40:08', '2016-10-25 18:40:08'),
(22, 'pak', '', '2016-10-25 18:40:08', '2016-10-25 18:40:08'),
(23, 'krop', '', '2016-10-25 18:42:43', '2016-10-25 18:42:43'),
(24, 'plak', '', '2016-10-25 18:42:44', '2016-10-25 18:42:44'),
(25, 'rol', '', '2016-10-25 18:44:07', '2016-10-25 18:44:07'),
(26, 'dikke plak', '', '2016-10-25 18:45:20', '2016-10-25 18:45:20'),
(27, 'zakje', '', '2016-10-25 18:45:20', '2016-10-25 18:45:20'),
(28, 'struik', '', '2016-10-25 18:48:00', '2016-10-25 18:48:00'),
(29, 'plakje', '', '2016-10-25 18:48:00', '2016-10-25 18:48:00'),
(30, 'takjes', '', '2016-10-25 18:51:19', '2016-10-25 18:51:19'),
(31, 'eetlepel', '', '2016-10-25 18:55:47', '2016-10-25 18:55:47'),
(32, 'eetlepels', '', '2016-10-25 18:55:47', '2016-10-25 18:55:47'),
(33, 'schaaltjes', '', '2016-10-25 18:57:16', '2016-10-25 18:57:16'),
(34, '4 eetlepels', '', '2016-10-25 19:03:27', '2016-10-25 19:03:27'),
(35, '150 g', '', '2016-10-25 19:03:27', '2016-10-25 19:03:27'),
(36, 'kleine', '', '2016-10-25 19:05:21', '2016-10-25 19:05:21'),
(37, 'grote plakken', '', '2016-10-25 19:05:21', '2016-10-25 19:05:21'),
(38, 'teentjes', '', '2016-10-25 19:05:21', '2016-10-25 19:05:21'),
(39, 'doosje', '', '2016-10-25 19:20:10', '2016-10-25 19:20:10'),
(40, 'pakje', '', '2016-10-25 19:20:10', '2016-10-25 19:20:10'),
(41, 'kop', '', '2016-10-25 19:44:17', '2016-10-25 19:44:17'),
(42, 'bak', '', '2016-10-25 19:53:05', '2016-10-25 19:53:05'),
(43, 'blik', '', '2016-10-25 20:20:53', '2016-10-25 20:20:53');

--
-- Dumping data for table `ingredient_recipe`
--

INSERT INTO `ingredient_recipe` (`ingredient_id`, `recipe_id`, `quantity`, `unit_id`) VALUES
(1, 1, 4.00, 1),
(2, 1, 150.00, 2),
(3, 1, 150.00, 3),
(4, 1, 5.00, 4),
(5, 1, 1.00, 5),
(6, 1, 2.00, 4),
(7, 1, 1.00, 6),
(8, 1, 2.00, 7),
(9, 1, 2.00, 4),
(10, 2, 1.00, 4),
(6, 2, 1.00, 8),
(11, 2, 3.00, 9),
(12, 2, 125.00, 3),
(13, 2, 3.00, 4),
(14, 2, 1.00, 4),
(15, 2, 1.00, 4),
(16, 2, 0.00, 1),
(17, 3, 1.50, 10),
(18, 3, 50.00, 2),
(19, 3, 300.00, 2),
(20, 3, 1.00, 1),
(21, 3, 500.00, 2),
(22, 3, 1.00, 1),
(23, 4, 4.00, 4),
(24, 4, 1.00, 11),
(25, 4, 4.00, 12),
(26, 4, 2.00, 4),
(20, 4, 1.00, 1),
(11, 4, 2.00, 9),
(6, 4, 1.00, 4),
(27, 4, 1.00, 12),
(28, 4, 1.00, 12),
(29, 4, 1.00, 12),
(7, 4, 0.00, 1),
(30, 5, 200.00, 13),
(31, 5, 4.00, 14),
(32, 5, 1.00, 1),
(33, 5, 1.00, 4),
(34, 5, 2.00, 4),
(35, 5, 0.00, 1),
(36, 5, 0.00, 1),
(37, 5, 0.00, 1),
(38, 5, 0.00, 1),
(39, 6, 250.00, 13),
(18, 6, 30.00, 13),
(40, 6, 1.00, 1),
(41, 6, 200.00, 13),
(42, 6, 50.00, 13),
(24, 6, 125.00, 3),
(43, 6, 0.00, 1),
(44, 6, 275.00, 13),
(45, 6, 0.00, 1),
(46, 7, 2.00, 4),
(4, 7, 2.00, 4),
(47, 7, 1.00, 4),
(48, 7, 1.00, 4),
(13, 7, 2.00, 4),
(49, 8, 500.00, 2),
(50, 8, 850.00, 3),
(51, 8, 1.00, 1),
(52, 8, 1.00, 1),
(53, 8, 1.00, 1),
(11, 8, 2.00, 15),
(4, 8, 4.00, 4),
(54, 8, 500.00, 2),
(55, 8, 50.00, 2),
(56, 8, 15.00, 2),
(35, 8, 75.00, 2),
(57, 8, 50.00, 2),
(58, 9, 450.00, 2),
(59, 9, 750.00, 2),
(18, 9, 2.00, 4),
(60, 9, 6.00, 1),
(2, 9, 2.00, 4),
(61, 9, 200.00, 2),
(1, 9, 3.00, 1),
(62, 9, 200.00, 3),
(63, 10, 500.00, 2),
(64, 10, 1.00, 1),
(3, 10, 1.50, 7),
(18, 10, 30.00, 2),
(2, 10, 30.00, 2),
(1, 10, 1.00, 1),
(65, 10, 150.00, 2),
(66, 10, 4.00, 4),
(67, 10, 2.00, 4),
(68, 11, 3.00, 16),
(69, 11, 450.00, 13),
(70, 11, 2.00, 1),
(11, 11, 1.00, 15),
(71, 11, 1.00, 4),
(72, 11, 100.00, 13),
(7, 11, 0.00, 1),
(73, 11, 0.00, 1),
(74, 11, 0.00, 1),
(56, 11, 0.00, 1),
(75, 11, 0.00, 1),
(76, 11, 0.00, 1),
(77, 11, 0.00, 1),
(78, 12, 4.00, 17),
(79, 12, 1.00, 1),
(80, 12, 1.00, 18),
(81, 12, 1.00, 19),
(82, 12, 1.00, 10),
(83, 12, 1.00, 7),
(84, 12, 300.00, 3),
(85, 12, 0.00, 1),
(86, 12, 0.00, 1),
(87, 12, 0.00, 1),
(70, 13, 6.00, 1),
(88, 13, 4.00, 4),
(89, 13, 1.00, 20),
(11, 13, 1.00, 21),
(90, 13, 250.00, 13),
(91, 13, 1.00, 22),
(26, 13, 4.00, 4),
(92, 13, 125.00, 13),
(93, 14, 4.00, 4),
(94, 14, 700.00, 2),
(95, 14, 1.00, 23),
(22, 14, 1.00, 1),
(96, 14, 55.00, 2),
(97, 14, 8.00, 4),
(98, 14, 100.00, 2),
(99, 14, 1.00, 24),
(100, 15, 1.00, 25),
(101, 15, 500.00, 2),
(70, 15, 4.00, 1),
(66, 15, 250.00, 3),
(102, 15, 125.00, 2),
(103, 15, 2.00, 12),
(104, 15, 500.00, 2),
(70, 16, 4.00, 1),
(105, 16, 1.00, 26),
(106, 16, 0.50, 27),
(107, 16, 50.00, 2),
(108, 16, 500.00, 2),
(109, 16, 100.00, 2),
(110, 17, 1.00, 28),
(96, 17, 60.00, 2),
(111, 17, 6.00, 29),
(4, 17, 2.00, 4),
(70, 17, 4.00, 1),
(112, 17, 200.00, 2),
(113, 17, 200.00, 2),
(114, 17, 1.00, 1),
(115, 18, 300.00, 2),
(55, 18, 2.00, 4),
(116, 18, 75.00, 2),
(11, 18, 1.00, 15),
(56, 18, 30.00, 2),
(117, 18, 6.00, 4),
(118, 19, 4.00, 1),
(119, 19, 250.00, 2),
(120, 19, 125.00, 2),
(121, 19, 45.00, 2),
(122, 19, 4.00, 4),
(123, 19, 0.50, 27),
(67, 19, 3.00, 30),
(124, 19, 0.00, 1),
(2, 19, 150.00, 2),
(7, 19, 0.00, 1),
(125, 19, 2.00, 1),
(24, 19, 3.50, 11),
(18, 19, 40.00, 2),
(2, 20, 150.00, 2),
(7, 20, 0.00, 1),
(126, 20, 75.00, 2),
(127, 20, 4.00, 1),
(12, 20, 125.00, 3),
(73, 20, 0.00, 1),
(128, 20, 100.00, 2),
(129, 20, 100.00, 2),
(130, 20, 5.00, 1),
(131, 20, 0.50, 31),
(4, 20, 2.00, 32),
(132, 20, 1.00, 31),
(133, 20, 0.50, 31),
(134, 21, 2.00, 16),
(135, 21, 100.00, 2),
(136, 21, 0.50, 27),
(137, 21, 2.00, 33),
(138, 21, 2.00, 1),
(139, 21, 1.00, 1),
(140, 21, 6.00, 32),
(141, 21, 1.00, 22),
(20, 22, 1.00, 1),
(4, 22, 4.00, 4),
(142, 22, 600.00, 2),
(102, 22, 50.00, 2),
(143, 22, 15.00, 2),
(144, 22, 250.00, 2),
(145, 22, 150.00, 2),
(146, 22, 50.00, 2),
(55, 22, 50.00, 2),
(20, 23, 1.00, 1),
(11, 23, 1.00, 15),
(147, 23, 100.00, 2),
(4, 23, 3.00, 4),
(148, 23, 1.00, 12),
(149, 23, 500.00, 2),
(150, 23, 400.00, 2),
(144, 23, 12.00, 1),
(151, 23, 450.00, 2),
(152, 23, 250.00, 2),
(153, 24, 200.00, 2),
(18, 24, 25.00, 2),
(4, 24, 2.00, 4),
(11, 24, 1.00, 15),
(70, 24, 2.00, 1),
(115, 24, 300.00, 2),
(116, 24, 50.00, 2),
(147, 24, 50.00, 2),
(154, 24, 1.00, 12),
(155, 25, 2.00, 1),
(52, 25, 1.00, 1),
(4, 25, 0.00, 34),
(156, 25, 1.00, 22),
(61, 25, 0.00, 35),
(157, 25, 1.00, 20),
(25, 25, 1.00, 31),
(158, 26, 600.00, 2),
(159, 26, 1.00, 36),
(160, 26, 4.00, 37),
(161, 26, 1.00, 20),
(162, 26, 100.00, 3),
(61, 26, 200.00, 2),
(163, 26, 400.00, 2),
(4, 26, 2.00, 32),
(11, 26, 2.00, 38),
(122, 26, 6.00, 32),
(6, 26, 3.00, 32),
(66, 26, 100.00, 3),
(164, 26, 0.00, 1),
(165, 26, 2.00, 32),
(166, 26, 0.00, 1),
(167, 27, 6.00, 29),
(56, 27, 30.00, 2),
(116, 27, 100.00, 2),
(168, 27, 125.00, 2),
(55, 27, 80.00, 2),
(90, 27, 400.00, 2),
(70, 27, 4.00, 1),
(12, 27, 125.00, 2),
(169, 27, 4.00, 1),
(20, 28, 1.00, 1),
(170, 28, 1.00, 39),
(171, 28, 1.00, 40),
(172, 28, 1.00, 27),
(173, 28, 0.00, 1),
(174, 29, 80.00, 3),
(175, 29, 1.40, 13),
(176, 29, 3.00, 13),
(177, 29, 140.00, 13),
(80, 29, 6.00, 13),
(178, 29, 12.00, 3),
(179, 29, 10.00, 3),
(180, 30, 3.00, 41),
(104, 30, 5.00, 41),
(11, 30, 3.00, 9),
(181, 30, 2.00, 41),
(42, 30, 1.00, 41),
(7, 30, 0.00, 1),
(25, 30, 2.00, 4),
(4, 30, 1.00, 41),
(182, 30, 1.00, 41),
(183, 30, 1.00, 1),
(184, 31, 4.00, 16),
(99, 31, 125.00, 2),
(42, 31, 25.00, 2),
(73, 31, 0.00, 1),
(185, 31, 0.50, 1),
(11, 31, 0.50, 15),
(186, 31, 0.50, 42),
(4, 31, 0.00, 1),
(187, 31, 0.00, 1),
(7, 31, 0.00, 1),
(188, 32, 3.00, 41),
(189, 32, 1.00, 7),
(190, 32, 1.00, 12),
(67, 32, 2.00, 4),
(18, 32, 1.00, 4),
(191, 33, 10.00, 1),
(18, 33, 2.00, 4),
(73, 33, 0.00, 1),
(7, 33, 0.00, 1),
(192, 33, 0.00, 1),
(193, 34, 2.00, 1),
(73, 34, 0.00, 1),
(7, 34, 0.00, 1),
(194, 34, 1.00, 1),
(2, 34, 2.00, 4),
(195, 34, 1.00, 1),
(196, 34, 1.00, 41),
(75, 34, 0.50, 43),
(20, 34, 1.00, 1),
(189, 34, 1.00, 41),
(190, 34, 1.00, 12),
(197, 34, 1.00, 4),
(198, 34, 0.00, 1),
(6, 34, 0.00, 1),
(199, 34, 0.00, 1);
/*!40101 SET CHARACTER_SET_CLIENT=@OLD_CHARACTER_SET_CLIENT */;
/*!40101 SET CHARACTER_SET_RESULTS=@OLD_CHARACTER_SET_RESULTS */;
/*!40101 SET COLLATION_CONNECTION=@OLD_COLLATION_CONNECTION */;
